INSERT INTO db_carto_dashboard.region (id,code,sigle,libelle,latitude,longitude) VALUES
	 (1,'1','Az','Agadez',16.9733000,7.9912000),
	 (2,'2','Di','Diffa',13.3133000,12.6116000),
	 (3,'3','Do','Dosso',13.0471000,3.2061000),
	 (4,'4','Mi','Maradi',13.4888000,7.0969000),
	 (5,'5','Ta','Tahoua',14.8860000,5.2708000),
	 (6,'6','Ti','Tillabéri',14.2136000,1.4539000),
	 (7,'7','Zr','Zinder',13.7974000,8.9824000),
	 (8,'8','Ny','Niamey',13.5127000,2.1128000);

--- table departement --------
INSERT INTO menage.departement (id,region_id,code,libelle,latitude,longitude) VALUES
	 (1,1,'101','ADERBISSINAT',NULL,NULL),
	 (2,1,'102','ARLIT',NULL,NULL),
	 (3,1,'103','BILMA',NULL,NULL),
	 (4,1,'104','IFEROUANE',NULL,NULL),
	 (5,1,'105','INGALL',NULL,NULL),
	 (6,1,'106','TCHIROZERINE',NULL,NULL),
	 (7,2,'201','BOSSO',NULL,NULL),
	 (8,2,'202','DIFFA',NULL,NULL),
	 (9,2,'203','GOUDOUMARIA',NULL,NULL),
	 (10,2,'204','MAINE-SOROA',NULL,NULL),
	 (11,2,'205','N’GOURTI',NULL,NULL),
	 (12,2,'206','N’GUIGMI',NULL,NULL),
	 (13,3,'301','BOBOYE',NULL,NULL),
	 (14,3,'302','DIOUNDIOU',NULL,NULL),
	 (15,3,'303','DOGONDOUTCHI',NULL,NULL),
	 (16,3,'304','DOSSO',NULL,NULL),
	 (17,3,'305','FALMAY',NULL,NULL),
	 (18,3,'306','GAYA',NULL,NULL),
	 (19,3,'307','LOGA',NULL,NULL),
	 (20,3,'308','TIBIRI',NULL,NULL),
	 (21,4,'401','AGUIE',NULL,NULL),
	 (22,4,'402','BERMO',NULL,NULL),
	 (23,4,'403','DAKORO',NULL,NULL),
	 (24,4,'404','GAZOUA',NULL,NULL),
	 (25,4,'405','GUIDAN-ROUMGJI',NULL,NULL),
	 (26,4,'406','MADAROUNFA',NULL,NULL),
	 (27,4,'406','MAYAHI',NULL,NULL),
	 (28,4,'407','TESSAOUA',NULL,NULL),
	 (29,4,'490','MARADI',NULL,NULL),
	 (30,5,'501','ABALAK',NULL,NULL),
	 (31,5,'502','BAGAROUA',NULL,NULL),
	 (32,5,'503','BIRNI N’KONNI',NULL,NULL),
	 (33,5,'504','BOUZA',NULL,NULL),
	 (34,5,'505','ILLELA',NULL,NULL),
	 (35,5,'506','KEITA',NULL,NULL),
	 (36,5,'507','MADAOUA',NULL,NULL),
	 (37,5,'508','MALBAZA',NULL,NULL),
	 (38,5,'590','TAHOUA',NULL,NULL),
	 (39,5,'510','TASSARA',NULL,NULL),
	 (40,5,'511','TCHINTABARADEN',NULL,NULL),
	 (41,5,'512','TILLIA',NULL,NULL),
	 (42,6,'601','ABALA',NULL,NULL),
	 (43,6,'602','AYEROU',NULL,NULL),
	 (44,6,'603','BALLEYARA',NULL,NULL),
	 (45,6,'604','BANIBANGOU',NULL,NULL),
	 (46,6,'605','BANKILARE',NULL,NULL),
	 (47,6,'606','FILINGUE',NULL,NULL),
	 (48,6,'607','GOTHEYE',NULL,NULL),
	 (49,6,'608','KOLLO',NULL,NULL),
	 (50,6,'609','OUALLAM',NULL,NULL),
	 (51,6,'610','SAY',NULL,NULL),
	 (52,6,'611','TERA',NULL,NULL),
	 (53,6,'612','TILLABERI',NULL,NULL),
	 (54,6,'613','TORODI',NULL,NULL),
	 (55,7,'701','BELBEDJI',NULL,NULL),
	 (56,7,'701','DAMAGARAM TAKAYA',NULL,NULL),
	 (57,7,'701','DUNGASS',NULL,NULL),
	 (58,7,'702','GOURE',NULL,NULL),
	 (59,7,'703','KANTCHE',NULL,NULL),
	 (60,7,'704','MAGARIA',NULL,NULL),
	 (61,7,'705','MIRRIAH',NULL,NULL),
	 (62,7,'706','TAKEITA',NULL,NULL),
	 (63,7,'707','TANOUT',NULL,NULL),
	 (64,7,'708','TESKER',NULL,NULL),
	 (65,7,'790','ZINDER',NULL,NULL),
	 (66,8,'890','NIAMEY',NULL,NULL);

     -- table commune --
     INSERT INTO menage.commune (id,departement_id,code,libelle,latitude,longitude) VALUES
	 (1,1,'10101','ADERBISSINAT',NULL,NULL),
	 (2,2,'10201','ARLIT',NULL,NULL),
	 (3,2,'10202','DANNET',NULL,NULL),
	 (4,2,'10203','GOUGARAM',NULL,NULL),
	 (5,3,'10301','BILMA',NULL,NULL),
	 (6,3,'10302','DIRKOU',NULL,NULL),
	 (7,3,'10303','DJADO',NULL,NULL),
	 (8,3,'10304','FACHI',NULL,NULL),
	 (9,4,'10401','IFFERROUANE',NULL,NULL),
	 (10,4,'10402','TIMIA',NULL,NULL),
	 (11,5,'10501','INGALL',NULL,NULL),
	 (12,6,'10601','AGADEZ',NULL,NULL),
	 (13,6,'10602','DABAGA',NULL,NULL),
	 (14,6,'10603','TABELOT',NULL,NULL),
	 (15,6,'10604','TCHIROZERINE',NULL,NULL),
	 (16,7,'20101','BOSSO',NULL,NULL),
	 (17,7,'20102','TOUMOUR',NULL,NULL),
	 (18,8,'20201','CHETIMARI',NULL,NULL),
	 (19,8,'20202','DIFFA',NULL,NULL),
	 (20,8,'20203','GUESKEROU',NULL,NULL),
	 (21,9,'20301','GOUDOUMARIA',NULL,NULL),
	 (22,10,'20401','FOULATARI',NULL,NULL),
	 (23,10,'20402','MAINE-SOROA',NULL,NULL),
	 (24,10,'20403','N’GUELBELY',NULL,NULL),
	 (25,11,'20501','N’GOURTI',NULL,NULL),
	 (26,12,'20601','KABLEWA',NULL,NULL),
	 (27,12,'20602','N’GUIGMI',NULL,NULL),
	 (28,13,'30101','BIRNI N’GAOURE',NULL,NULL),
	 (29,13,'30102','FABIDJI',NULL,NULL),
	 (30,13,'30103','FAKARA',NULL,NULL),
	 (31,13,'30104','HARIKANASSOU',NULL,NULL),
	 (32,13,'30105','KANKADI',NULL,NULL),
	 (33,13,'30106','KIOTA',NULL,NULL),
	 (34,13,'30107','KOYGOLO',NULL,NULL),
	 (35,13,'30108','N’GONGA',NULL,NULL),
	 (36,14,'30201','DIOUNDIOU',NULL,NULL),
	 (37,14,'30202','KARAKARA',NULL,NULL),
	 (38,14,'30203','ZABORI',NULL,NULL),
	 (39,15,'30301','DAN KASSARI',NULL,NULL),
	 (40,15,'30302','DOGONDOUTCHI',NULL,NULL),

	 (41,15,'30303','DOGONKIRIA',NULL,NULL),
	 (42,15,'30304','KIECHE',NULL,NULL),
	 (43,15,'30305','MATANKARI',NULL,NULL),
	 (44,15,'30306','SOUCOUCOUTANE',NULL,NULL),
	 (45,16,'30401','DOSSO',NULL,NULL),
	 (46,16,'30402','FAREY',NULL,NULL),
	 (47,16,'30403','GARANKEDY',NULL,NULL),
	 (48,16,'30404','GOLLE',NULL,NULL),
	 (49,16,'30405','GOUROUBANKASSAM',NULL,NULL),
	 (50,16,'30406','KARGUIBANGOU',NULL,NULL),

	 (51,16,'30407','MOKKO',NULL,NULL),
	 (52,16,'30408','SAMBERA',NULL,NULL),
	 (53,16,'30409','TESSA',NULL,NULL),
	 (54,16,'30410','TOMBOKOIREY 1',NULL,NULL),
	 (55,16,'30411','TOMBOKOIREY 2',NULL,NULL),
	 (56,17,'30501','FALMEY',NULL,NULL),
	 (57,17,'30502','GUILLADJE',NULL,NULL),
	 (58,18,'30601','BANA',NULL,NULL),
	 (59,18,'30602','BENGOU',NULL,NULL),
	 (60,18,'30603','GAYA',NULL,NULL),

	 (61,18,'30604','TANDA',NULL,NULL),
	 (62,18,'30605','TOUNOUGA',NULL,NULL),
	 (63,18,'30606','YELOU',NULL,NULL),
	 (64,19,'30701','FALWEL',NULL,NULL),
	 (65,19,'30702','LOGA',NULL,NULL),
	 (66,19,'30703','SOKORBE',NULL,NULL),
	 (67,20,'30801','DOUMEGA',NULL,NULL),
	 (68,20,'30802','GUECHEME',NULL,NULL),
	 (69,20,'30803','KORE MAIROUA',NULL,NULL),
	 (70,20,'30804','TIBIRI',NULL,NULL),

	 (71,21,'40101','AGUIE',NULL,NULL),
	 (72,21,'40102','TCHADOUA',NULL,NULL),
	 (73,22,'40201','BERMO',NULL,NULL),
	 (74,22,'40202','GADABEDJI',NULL,NULL),
	 (75,23,'40301','ADJEKORIA',NULL,NULL),
	 (76,23,'40302','AZAGOR',NULL,NULL),
	 (77,23,'40303','BADER GOULA',NULL,NULL),
	 (78,23,'40304','BIRNI LALLE',NULL,NULL),
	 (79,23,'40305','DAKORO',NULL,NULL),
	 (80,23,'40306','DAN-GOULBI',NULL,NULL),

	 (81,23,'40307','KORAHANE',NULL,NULL),
	 (82,23,'40308','KORNAKA',NULL,NULL),
	 (83,23,'40309','MAIYARA',NULL,NULL),
	 (84,23,'40310','ROUMBOU 1',NULL,NULL),
	 (85,23,'40311','SABON MACHI',NULL,NULL),
	 (86,23,'40312','TAGRISS',NULL,NULL),
	 (87,24,'40401','GANGARA',NULL,NULL),
	 (88,24,'40402','GAZOUA',NULL,NULL),
	 (89,25,'40501','CHADAKORI',NULL,NULL),
	 (90,25,'40502','GUIDAN ROUMJI',NULL,NULL),

	 (91,25,'40503','GUIDAN SORI',NULL,NULL),
	 (92,25,'40504','SAE SABOUA',NULL,NULL),
	 (93,25,'40505','TIBIRI',NULL,NULL),
	 (94,26,'40601','DAN-ISSA',NULL,NULL),
	 (95,26,'40602','DJIRATAWA',NULL,NULL),
	 (96,26,'40603','GABI',NULL,NULL),
	 (97,26,'40604','MADAROUNFA',NULL,NULL),
	 (98,26,'40605','SAFO',NULL,NULL),
	 (99,26,'40606','SARKIN YAMMA',NULL,NULL),
	 (100,27,'40701','ATTANTANE',NULL,NULL),

	 (101,27,'40702','EL ALLASSANE MAIREYREY',NULL,NULL),
	 (102,27,'40703','GUIDAN AMOUMOUNE',NULL,NULL),
	 (103,27,'40704','ISSAWANE',NULL,NULL),
	 (104,27,'40705','KANAN-BAKACHE',NULL,NULL),
	 (105,27,'40706','MAYAHI',NULL,NULL),
	 (106,27,'40707','SARKIN HAOUSSA',NULL,NULL),
	 (107,27,'40708','TCHAKE',NULL,NULL),
	 (108,28,'40801','BAOUDETTA',NULL,NULL),
	 (109,28,'40802','HAWANDAWAKI',NULL,NULL),
	 (110,28,'40803','KOONA',NULL,NULL),

	 (111,28,'40804','KORGOM',NULL,NULL),
	 (112,28,'40805','MAIJIRGUI',NULL,NULL),
	 (113,28,'40806','OURAFANE',NULL,NULL),
	 (114,28,'40807','TESSAOUA',NULL,NULL),
	 (115,29,'40901','MARADI ARRONDISSEMENT 1',NULL,NULL),
	 (116,29,'40902','MARADI ARRONDISSEMENT 2',NULL,NULL),
	 (117,29,'40903','MARADI ARRONDISSEMENT 3',NULL,NULL),
	 (118,30,'50101','ABALAK',NULL,NULL),
	 (119,30,'50102','AKOUBOUNOU',NULL,NULL),
	 (120,30,'50103','AZEYE',NULL,NULL),

	 (121,30,'50104','TABALAK',NULL,NULL),
	 (122,30,'50105','TAMAYA',NULL,NULL),
	 (123,31,'50201','BAGAROUA',NULL,NULL),
	 (124,32,'50301','ALLELA',NULL,NULL),
	 (125,32,'50302','BAZAGA',NULL,NULL),
	 (126,32,'50303','BIRNI N’KONNI',NULL,NULL),
	 (127,32,'50304','TSERNAOUA',NULL,NULL),
	 (128,33,'50401','ALLAKAYE',NULL,NULL),
	 (129,33,'50402','BABANKATAMI',NULL,NULL),
	 (130,33,'50403','BOUZA',NULL,NULL),

	 (131,33,'50404','DEOULE',NULL,NULL),
	 (132,33,'50405','KAROFANE',NULL,NULL),
	 (133,33,'50406','TABOTAKI',NULL,NULL),
	 (134,33,'50407','TAMA',NULL,NULL),
	 (135,34,'50501','BADAGUICHIRI',NULL,NULL),
	 (136,34,'50502','ILLELA',NULL,NULL),
	 (137,34,'50503','TAJAE',NULL,NULL),
	 (138,35,'50601','GARHANGA',NULL,NULL),
	 (139,35,'50602','IBOHAMANE',NULL,NULL),
	 (140,35,'50603','KEITA',NULL,NULL),

	 (141,35,'50604','TAMASKE',NULL,NULL),
	 (142,36,'50701','AZARORI',NULL,NULL),
	 (143,36,'50702','BANGUI',NULL,NULL),
	 (144,36,'50703','GALMA KOUDOUWATCHE',NULL,NULL),
	 (145,36,'50704','MADAOUA',NULL,NULL),
	 (146,36,'50705','OURNO',NULL,NULL),
	 (147,36,'50706','SABON GUIDA',NULL,NULL),
	 (148,37,'50801','DOGUERAWA',NULL,NULL),
	 (149,37,'50802','MALBAZA',NULL,NULL),
	 (150,38,'50901','AFFALA',NULL,NULL),

	 (151,38,'50902','BAMBEYE',NULL,NULL),
	 (152,38,'50903','BARMOU',NULL,NULL),
	 (153,38,'50904','KALFOU',NULL,NULL),
	 (154,38,'50905','TAKANAMAT',NULL,NULL),
	 (155,38,'50906','TEBARAM',NULL,NULL),
	 (156,39,'51001','TASSARA',NULL,NULL),
	 (157,40,'51101','KAO',NULL,NULL),
	 (158,40,'51102','TCHINTABARADEN',NULL,NULL),
	 (159,41,'51201','TILLIA',NULL,NULL),
	 (160,42,'51301','TAHOUA ARRONDISSEMENT 1',NULL,NULL),

	 (161,42,'51302','TAHOUA ARRONDISSEMENT 2',NULL,NULL),
	 (162,43,'60101','ABALA',NULL,NULL),
	 (163,43,'60102','SANAM',NULL,NULL),
	 (164,44,'60201','AYEROU',NULL,NULL),
	 (165,44,'60202','INATES',NULL,NULL),
	 (166,45,'60301','TAGAZAR',NULL,NULL),
	 (167,46,'60401','BANIBANGOU',NULL,NULL),
	 (168,47,'60501','BANKILARE',NULL,NULL),
	 (169,48,'60601','FILINGUE',NULL,NULL),
	 (170,48,'60602','IMANAN',NULL,NULL),

	 (171,48,'60603','KOURFEYE CENTRE',NULL,NULL),
	 (172,48,'60604','TONDIKANDIA',NULL,NULL),
	 (173,48,'60605','DARGOL',NULL,NULL),
	 (174,48,'60606','GOTHEYE',NULL,NULL),
	 (175,49,'60701','BITINKODJI',NULL,NULL),
	 (176,49,'60702','DIANTCHANDOU',NULL,NULL),
	 (177,49,'60703','HAMDALLAYE',NULL,NULL),
	 (178,49,'60704','KARMA',NULL,NULL),
	 (179,49,'60705','KIRTACHI',NULL,NULL),
	 (180,49,'60706','KOLLO',NULL,NULL),

	 (181,49,'60707','KOURE',NULL,NULL),
	 (182,49,'60708','LIBORE',NULL,NULL),
	 (183,49,'60709','NAMARO',NULL,NULL),
	 (184,49,'60710','N’DOUNGA',NULL,NULL),
	 (185,49,'60711','YOURI',NULL,NULL),
	 (186,50,'60801','DINGAZI',NULL,NULL),
	 (187,50,'60802','OUALLAM',NULL,NULL),
	 (188,50,'60803','SIMIRI',NULL,NULL),
	 (189,50,'60804','TONDIKIWINDI',NULL,NULL),
	 (190,51,'60901','OURO GUELADJO',NULL,NULL),

	 (191,51,'60902','SAY',NULL,NULL),
	 (192,51,'60903','TAMOU',NULL,NULL),
	 (193,52,'61001','DIAGOUROU',NULL,NULL),
	 (194,52,'61002','GOROUAL',NULL,NULL),
	 (195,52,'61003','KOKOROU',NULL,NULL),
	 (196,52,'61004','MEHANA',NULL,NULL),
	 (197,52,'61005','TERA',NULL,NULL),
	 (198,53,'61101','ANZOUROU',NULL,NULL),
	 (199,53,'61102','BIBIYERGOU',NULL,NULL),
	 (200,53,'61103','DESSA',NULL,NULL),

	 (201,53,'61104','KOURTEYE',NULL,NULL),
	 (202,53,'61105','SAKOIRA',NULL,NULL),
	 (203,53,'61106','SINDER',NULL,NULL),
	 (204,53,'61107','TILLABERI',NULL,NULL),
	 (205,54,'61201','MAKOLONDI',NULL,NULL),
	 (206,54,'61202','TORODI',NULL,NULL),
	 (207,55,'70101','TARKA',NULL,NULL),
	 (208,56,'70201','ALBARKARAM',NULL,NULL),
	 (209,56,'70202','DAMAGARAM TAKAYA',NULL,NULL),
	 (210,56,'70203','GUIDIMOUNI',NULL,NULL),

	 (211,56,'70204','MAZAMNI',NULL,NULL),
	 (212,56,'70205','MOA',NULL,NULL),
	 (213,56,'70206','WAME',NULL,NULL),
	 (214,57,'70301','DOGO-DOGO',NULL,NULL),
	 (215,57,'70302','DUNGASS',NULL,NULL),
	 (216,57,'70303','GOUCHI',NULL,NULL),
	 (217,57,'70304','MALAWA',NULL,NULL),
	 (218,58,'70401','ALAKOSS',NULL,NULL),
	 (219,58,'70402','BOUNE',NULL,NULL),
	 (220,58,'70403','GAMOU',NULL,NULL),

	 (221,58,'70404','GOURE',NULL,NULL),
	 (222,58,'70405','GUIDIGUIR',NULL,NULL),
	 (223,58,'70406','KELLE',NULL,NULL),
	 (224,59,'70501','DAN BARTO',NULL,NULL),
	 (225,59,'70502','DAOUCHE',NULL,NULL),
	 (226,59,'70503','DOUNGOU',NULL,NULL),
	 (227,59,'70504','ICHIRNAWA',NULL,NULL),
	 (228,59,'70505','KANTCHE',NULL,NULL),
	 (229,59,'70506','KOURNI',NULL,NULL),
	 (230,59,'70507','MATAMEY',NULL,NULL),

	 (231,59,'70508','TSAOUNI',NULL,NULL),
	 (232,59,'70509','YAOURI',NULL,NULL),
	 (233,60,'70601','BANDE',NULL,NULL),
	 (234,60,'70602','DANTCHIAO',NULL,NULL),
	 (235,60,'70603','KWAYA',NULL,NULL),
	 (236,60,'70604','MAGARIA',NULL,NULL),
	 (237,60,'70605','SASSOUMBROUM',NULL,NULL),
	 (238,60,'70606','WACHA',NULL,NULL),
	 (239,60,'70607','YEKOUA',NULL,NULL),
	 (240,61,'70701','DOGO',NULL,NULL),

	 (241,61,'70702','DROUM',NULL,NULL),
	 (242,61,'70703','GAFFATI',NULL,NULL),
	 (243,61,'70704','GOUNA',NULL,NULL),
	 (244,61,'70705','HAMDARA',NULL,NULL),
	 (245,61,'70706','KOLLERAM',NULL,NULL),
	 (246,61,'70707','MIRRIAH',NULL,NULL),
	 (247,61,'70708','ZERMOU',NULL,NULL),
	 (248,62,'70801','DAKOUSSA',NULL,NULL),
	 (249,62,'70802','GARAGOUMSA',NULL,NULL),
	 (250,62,'70803','TIRMINI',NULL,NULL),

	 (251,63,'70901','FALENKO',NULL,NULL),
	 (252,63,'70902','GANGARA-TANOUT',NULL,NULL),
	 (253,63,'70903','OLLELEWA',NULL,NULL),
	 (254,63,'70904','TANOUT',NULL,NULL),
	 (255,63,'70905','TENHYA',NULL,NULL),
	 (256,64,'71001','TESKER',NULL,NULL),
	 (257,65,'71101','ZINDER ARRONDISSEMENT 1',NULL,NULL),
	 (258,65,'71102','ZINDER ARRONDISSEMENT 2',NULL,NULL),
	 (259,65,'71103','ZINDER ARRONDISSEMENT 3',NULL,NULL),
	 (260,65,'71104','ZINDER ARRONDISSEMENT 4',NULL,NULL),

	 (261,65,'71105','ZINDER ARRONDISSEMENT 5',NULL,NULL),
	 (262,66,'89001','NIAMEY ARRONDISSEMENT 1',NULL,NULL),
	 (263,66,'89002','NIAMEY ARRONDISSEMENT 2',NULL,NULL),
	 (264,66,'89003','NIAMEY ARRONDISSEMENT 3',NULL,NULL),
	 (265,66,'89004','NIAMEY ARRONDISSEMENT 4',NULL,NULL),
	 (266,66,'89005','NIAMEY ARRONDISSEMENT 5',NULL,NULL);